BEGIN;

-- Development-only stable IDs keep this seed safe to rerun.
INSERT INTO users (id, name, email, password_hash, avatar_url, created_at, updated_at)
VALUES
    ('00000000-0000-4000-8000-000000000001', 'Roman Kroliak', 'roman.kroliak@example.test', 'dev-password-hash', NULL, now(), now()),
    ('00000000-0000-4000-8000-000000000002', 'Marta Nowak', 'marta.nowak@example.test', 'dev-password-hash', NULL, now(), now()),
    ('00000000-0000-4000-8000-000000000003', 'Anna Zielinska', 'anna.zielinska@example.test', 'dev-password-hash', NULL, now(), now()),
    ('00000000-0000-4000-8000-000000000004', 'Pawel Wisniewski', 'pawel.wisniewski@example.test', 'dev-password-hash', NULL, now(), now()),
    ('00000000-0000-4000-8000-000000000005', 'Kasia Lewandowska', 'kasia.lewandowska@example.test', 'dev-password-hash', NULL, now(), now()),
    ('00000000-0000-4000-8000-000000000006', 'Tomasz Kowalski', 'tomasz.kowalski@example.test', 'dev-password-hash', NULL, now(), now())
ON CONFLICT (id) DO UPDATE
SET name = EXCLUDED.name,
    email = EXCLUDED.email,
    password_hash = EXCLUDED.password_hash,
    avatar_url = EXCLUDED.avatar_url,
    updated_at = now();

INSERT INTO projects (id, name, description, owner_id, created_at, updated_at)
VALUES (
    '10000000-0000-4000-8000-000000000001',
    'Scrumban Demo Project',
    'Demo project seeded from the frontend board mock data.',
    '00000000-0000-4000-8000-000000000001',
    now(),
    now()
)
ON CONFLICT (id) DO UPDATE
SET name = EXCLUDED.name,
    description = EXCLUDED.description,
    owner_id = EXCLUDED.owner_id,
    updated_at = now();

INSERT INTO project_members (project_id, user_id, role, created_at)
VALUES
    ('10000000-0000-4000-8000-000000000001', '00000000-0000-4000-8000-000000000001', 'OWNER', now()),
    ('10000000-0000-4000-8000-000000000001', '00000000-0000-4000-8000-000000000002', 'MEMBER', now()),
    ('10000000-0000-4000-8000-000000000001', '00000000-0000-4000-8000-000000000003', 'MEMBER', now()),
    ('10000000-0000-4000-8000-000000000001', '00000000-0000-4000-8000-000000000004', 'MEMBER', now()),
    ('10000000-0000-4000-8000-000000000001', '00000000-0000-4000-8000-000000000005', 'MEMBER', now()),
    ('10000000-0000-4000-8000-000000000001', '00000000-0000-4000-8000-000000000006', 'MEMBER', now())
ON CONFLICT (project_id, user_id) DO UPDATE
SET role = EXCLUDED.role;

INSERT INTO board_columns (id, project_id, name, position, wip_limit, created_at, updated_at)
VALUES
    ('20000000-0000-4000-8000-000000000001', '10000000-0000-4000-8000-000000000001', 'Sprint Backlog', 0, NULL, now(), now()),
    ('20000000-0000-4000-8000-000000000002', '10000000-0000-4000-8000-000000000001', 'In Progress', 1, 4, now(), now()),
    ('20000000-0000-4000-8000-000000000003', '10000000-0000-4000-8000-000000000001', 'Blocked', 2, 3, now(), now()),
    ('20000000-0000-4000-8000-000000000004', '10000000-0000-4000-8000-000000000001', 'Review', 3, 3, now(), now()),
    ('20000000-0000-4000-8000-000000000005', '10000000-0000-4000-8000-000000000001', 'Done', 4, NULL, now(), now())
ON CONFLICT (id) DO UPDATE
SET project_id = EXCLUDED.project_id,
    name = EXCLUDED.name,
    position = EXCLUDED.position,
    wip_limit = EXCLUDED.wip_limit,
    updated_at = now();

INSERT INTO tasks (
    id,
    project_id,
    column_id,
    epic_id,
    parent_task_id,
    title,
    description,
    priority,
    due_date,
    story_points,
    assignee_id,
    reporter_id,
    position,
    created_at,
    updated_at
)
VALUES
    ('30000000-0000-4000-8000-000000000001', '10000000-0000-4000-8000-000000000001', '20000000-0000-4000-8000-000000000001', NULL, NULL, 'User authentication', NULL, 'HIGH', '2026-05-20'::timestamptz, 3, '00000000-0000-4000-8000-000000000002', '00000000-0000-4000-8000-000000000001', 0, now(), now()),
    ('30000000-0000-4000-8000-000000000002', '10000000-0000-4000-8000-000000000001', '20000000-0000-4000-8000-000000000001', NULL, NULL, 'Design onboarding flow', NULL, 'MEDIUM', '2026-05-21'::timestamptz, 2, '00000000-0000-4000-8000-000000000001', '00000000-0000-4000-8000-000000000001', 1, now(), now()),
    ('30000000-0000-4000-8000-000000000003', '10000000-0000-4000-8000-000000000001', '20000000-0000-4000-8000-000000000001', NULL, NULL, 'Connect task API', NULL, 'LOW', '2026-05-22'::timestamptz, 5, '00000000-0000-4000-8000-000000000003', '00000000-0000-4000-8000-000000000001', 2, now(), now()),
    ('30000000-0000-4000-8000-000000000004', '10000000-0000-4000-8000-000000000001', '20000000-0000-4000-8000-000000000002', NULL, NULL, 'Implement drag and drop', NULL, 'URGENT', '2026-05-25'::timestamptz, 5, '00000000-0000-4000-8000-000000000001', '00000000-0000-4000-8000-000000000001', 0, now(), now()),
    ('30000000-0000-4000-8000-000000000005', '10000000-0000-4000-8000-000000000001', '20000000-0000-4000-8000-000000000002', NULL, NULL, 'Create task modal', NULL, 'MEDIUM', '2026-05-26'::timestamptz, 8, '00000000-0000-4000-8000-000000000004', '00000000-0000-4000-8000-000000000001', 1, now(), now()),
    ('30000000-0000-4000-8000-000000000006', '10000000-0000-4000-8000-000000000001', '20000000-0000-4000-8000-000000000003', NULL, NULL, 'Waiting for backend endpoint', NULL, 'URGENT', '2026-05-26'::timestamptz, 5, '00000000-0000-4000-8000-000000000005', '00000000-0000-4000-8000-000000000001', 0, now(), now()),
    ('30000000-0000-4000-8000-000000000007', '10000000-0000-4000-8000-000000000001', '20000000-0000-4000-8000-000000000003', NULL, NULL, 'Fix API validation bug', NULL, 'HIGH', '2026-05-27'::timestamptz, 3, '00000000-0000-4000-8000-000000000006', '00000000-0000-4000-8000-000000000001', 1, now(), now()),
    ('30000000-0000-4000-8000-000000000008', '10000000-0000-4000-8000-000000000001', '20000000-0000-4000-8000-000000000004', NULL, NULL, 'Review responsive board', NULL, 'MEDIUM', '2026-05-27'::timestamptz, 3, '00000000-0000-4000-8000-000000000002', '00000000-0000-4000-8000-000000000001', 0, now(), now()),
    ('30000000-0000-4000-8000-000000000009', '10000000-0000-4000-8000-000000000001', '20000000-0000-4000-8000-000000000005', NULL, NULL, 'Project setup', NULL, 'LOW', '2026-05-12'::timestamptz, 1, '00000000-0000-4000-8000-000000000001', '00000000-0000-4000-8000-000000000001', 0, now(), now()),
    ('30000000-0000-4000-8000-000000000010', '10000000-0000-4000-8000-000000000001', '20000000-0000-4000-8000-000000000005', NULL, NULL, 'Design tokens', NULL, 'LOW', '2026-05-13'::timestamptz, 2, '00000000-0000-4000-8000-000000000003', '00000000-0000-4000-8000-000000000001', 1, now(), now()),
    ('30000000-0000-4000-8000-000000000011', '10000000-0000-4000-8000-000000000001', '20000000-0000-4000-8000-000000000005', NULL, NULL, 'Sidebar layout', NULL, 'MEDIUM', '2026-05-15'::timestamptz, 3, '00000000-0000-4000-8000-000000000001', '00000000-0000-4000-8000-000000000001', 2, now(), now())
ON CONFLICT (id) DO UPDATE
SET project_id = EXCLUDED.project_id,
    column_id = EXCLUDED.column_id,
    epic_id = EXCLUDED.epic_id,
    parent_task_id = EXCLUDED.parent_task_id,
    title = EXCLUDED.title,
    description = EXCLUDED.description,
    priority = EXCLUDED.priority,
    due_date = EXCLUDED.due_date,
    story_points = EXCLUDED.story_points,
    assignee_id = EXCLUDED.assignee_id,
    reporter_id = EXCLUDED.reporter_id,
    position = EXCLUDED.position,
    updated_at = now();

INSERT INTO comments (id, task_id, author_id, content, created_at, updated_at)
VALUES
    ('40000000-0000-4000-8000-000000000001', '30000000-0000-4000-8000-000000000001', '00000000-0000-4000-8000-000000000002', 'Seed comment 1 for task: User authentication', now(), now()),
    ('40000000-0000-4000-8000-000000000002', '30000000-0000-4000-8000-000000000001', '00000000-0000-4000-8000-000000000003', 'Seed comment 2 for task: User authentication', now(), now()),
    ('40000000-0000-4000-8000-000000000003', '30000000-0000-4000-8000-000000000002', '00000000-0000-4000-8000-000000000001', 'Seed comment 1 for task: Design onboarding flow', now(), now()),
    ('40000000-0000-4000-8000-000000000004', '30000000-0000-4000-8000-000000000003', '00000000-0000-4000-8000-000000000003', 'Seed comment 1 for task: Connect task API', now(), now()),
    ('40000000-0000-4000-8000-000000000005', '30000000-0000-4000-8000-000000000003', '00000000-0000-4000-8000-000000000004', 'Seed comment 2 for task: Connect task API', now(), now()),
    ('40000000-0000-4000-8000-000000000006', '30000000-0000-4000-8000-000000000003', '00000000-0000-4000-8000-000000000005', 'Seed comment 3 for task: Connect task API', now(), now()),
    ('40000000-0000-4000-8000-000000000007', '30000000-0000-4000-8000-000000000004', '00000000-0000-4000-8000-000000000001', 'Seed comment 1 for task: Implement drag and drop', now(), now()),
    ('40000000-0000-4000-8000-000000000008', '30000000-0000-4000-8000-000000000004', '00000000-0000-4000-8000-000000000002', 'Seed comment 2 for task: Implement drag and drop', now(), now()),
    ('40000000-0000-4000-8000-000000000009', '30000000-0000-4000-8000-000000000004', '00000000-0000-4000-8000-000000000003', 'Seed comment 3 for task: Implement drag and drop', now(), now()),
    ('40000000-0000-4000-8000-000000000010', '30000000-0000-4000-8000-000000000004', '00000000-0000-4000-8000-000000000004', 'Seed comment 4 for task: Implement drag and drop', now(), now()),
    ('40000000-0000-4000-8000-000000000011', '30000000-0000-4000-8000-000000000004', '00000000-0000-4000-8000-000000000005', 'Seed comment 5 for task: Implement drag and drop', now(), now()),
    ('40000000-0000-4000-8000-000000000012', '30000000-0000-4000-8000-000000000004', '00000000-0000-4000-8000-000000000006', 'Seed comment 6 for task: Implement drag and drop', now(), now()),
    ('40000000-0000-4000-8000-000000000013', '30000000-0000-4000-8000-000000000005', '00000000-0000-4000-8000-000000000004', 'Seed comment 1 for task: Create task modal', now(), now()),
    ('40000000-0000-4000-8000-000000000014', '30000000-0000-4000-8000-000000000005', '00000000-0000-4000-8000-000000000001', 'Seed comment 2 for task: Create task modal', now(), now()),
    ('40000000-0000-4000-8000-000000000015', '30000000-0000-4000-8000-000000000006', '00000000-0000-4000-8000-000000000005', 'Seed comment 1 for task: Waiting for backend endpoint', now(), now()),
    ('40000000-0000-4000-8000-000000000016', '30000000-0000-4000-8000-000000000006', '00000000-0000-4000-8000-000000000006', 'Seed comment 2 for task: Waiting for backend endpoint', now(), now()),
    ('40000000-0000-4000-8000-000000000017', '30000000-0000-4000-8000-000000000006', '00000000-0000-4000-8000-000000000001', 'Seed comment 3 for task: Waiting for backend endpoint', now(), now()),
    ('40000000-0000-4000-8000-000000000018', '30000000-0000-4000-8000-000000000006', '00000000-0000-4000-8000-000000000002', 'Seed comment 4 for task: Waiting for backend endpoint', now(), now()),
    ('40000000-0000-4000-8000-000000000019', '30000000-0000-4000-8000-000000000007', '00000000-0000-4000-8000-000000000006', 'Seed comment 1 for task: Fix API validation bug', now(), now()),
    ('40000000-0000-4000-8000-000000000020', '30000000-0000-4000-8000-000000000007', '00000000-0000-4000-8000-000000000001', 'Seed comment 2 for task: Fix API validation bug', now(), now()),
    ('40000000-0000-4000-8000-000000000021', '30000000-0000-4000-8000-000000000008', '00000000-0000-4000-8000-000000000002', 'Seed comment 1 for task: Review responsive board', now(), now()),
    ('40000000-0000-4000-8000-000000000022', '30000000-0000-4000-8000-000000000010', '00000000-0000-4000-8000-000000000003', 'Seed comment 1 for task: Design tokens', now(), now()),
    ('40000000-0000-4000-8000-000000000023', '30000000-0000-4000-8000-000000000011', '00000000-0000-4000-8000-000000000001', 'Seed comment 1 for task: Sidebar layout', now(), now()),
    ('40000000-0000-4000-8000-000000000024', '30000000-0000-4000-8000-000000000011', '00000000-0000-4000-8000-000000000002', 'Seed comment 2 for task: Sidebar layout', now(), now())
ON CONFLICT (id) DO UPDATE
SET task_id = EXCLUDED.task_id,
    author_id = EXCLUDED.author_id,
    content = EXCLUDED.content,
    updated_at = now();

INSERT INTO activity_logs (id, task_id, user_id, action, old_value, new_value, created_at)
VALUES
    ('50000000-0000-4000-8000-000000000001', '30000000-0000-4000-8000-000000000001', '00000000-0000-4000-8000-000000000001', 'task created', NULL, 'User authentication', now()),
    ('50000000-0000-4000-8000-000000000002', '30000000-0000-4000-8000-000000000001', '00000000-0000-4000-8000-000000000001', 'task assigned', NULL, 'Marta Nowak', now()),
    ('50000000-0000-4000-8000-000000000003', '30000000-0000-4000-8000-000000000001', '00000000-0000-4000-8000-000000000001', 'task moved to current column', NULL, 'Sprint Backlog', now()),
    ('50000000-0000-4000-8000-000000000004', '30000000-0000-4000-8000-000000000002', '00000000-0000-4000-8000-000000000001', 'task created', NULL, 'Design onboarding flow', now()),
    ('50000000-0000-4000-8000-000000000005', '30000000-0000-4000-8000-000000000002', '00000000-0000-4000-8000-000000000001', 'task assigned', NULL, 'Roman Kroliak', now()),
    ('50000000-0000-4000-8000-000000000006', '30000000-0000-4000-8000-000000000002', '00000000-0000-4000-8000-000000000001', 'task moved to current column', NULL, 'Sprint Backlog', now()),
    ('50000000-0000-4000-8000-000000000007', '30000000-0000-4000-8000-000000000003', '00000000-0000-4000-8000-000000000001', 'task created', NULL, 'Connect task API', now()),
    ('50000000-0000-4000-8000-000000000008', '30000000-0000-4000-8000-000000000003', '00000000-0000-4000-8000-000000000001', 'task assigned', NULL, 'Anna Zielinska', now()),
    ('50000000-0000-4000-8000-000000000009', '30000000-0000-4000-8000-000000000003', '00000000-0000-4000-8000-000000000001', 'task moved to current column', NULL, 'Sprint Backlog', now()),
    ('50000000-0000-4000-8000-000000000010', '30000000-0000-4000-8000-000000000004', '00000000-0000-4000-8000-000000000001', 'task created', NULL, 'Implement drag and drop', now()),
    ('50000000-0000-4000-8000-000000000011', '30000000-0000-4000-8000-000000000004', '00000000-0000-4000-8000-000000000001', 'task assigned', NULL, 'Roman Kroliak', now()),
    ('50000000-0000-4000-8000-000000000012', '30000000-0000-4000-8000-000000000004', '00000000-0000-4000-8000-000000000001', 'task moved to current column', NULL, 'In Progress', now()),
    ('50000000-0000-4000-8000-000000000013', '30000000-0000-4000-8000-000000000005', '00000000-0000-4000-8000-000000000001', 'task created', NULL, 'Create task modal', now()),
    ('50000000-0000-4000-8000-000000000014', '30000000-0000-4000-8000-000000000005', '00000000-0000-4000-8000-000000000001', 'task assigned', NULL, 'Pawel Wisniewski', now()),
    ('50000000-0000-4000-8000-000000000015', '30000000-0000-4000-8000-000000000005', '00000000-0000-4000-8000-000000000001', 'task moved to current column', NULL, 'In Progress', now()),
    ('50000000-0000-4000-8000-000000000016', '30000000-0000-4000-8000-000000000006', '00000000-0000-4000-8000-000000000001', 'task created', NULL, 'Waiting for backend endpoint', now()),
    ('50000000-0000-4000-8000-000000000017', '30000000-0000-4000-8000-000000000006', '00000000-0000-4000-8000-000000000001', 'task assigned', NULL, 'Kasia Lewandowska', now()),
    ('50000000-0000-4000-8000-000000000018', '30000000-0000-4000-8000-000000000006', '00000000-0000-4000-8000-000000000001', 'task moved to current column', NULL, 'Blocked', now()),
    ('50000000-0000-4000-8000-000000000019', '30000000-0000-4000-8000-000000000006', '00000000-0000-4000-8000-000000000005', 'task blocked', NULL, 'Blocked: waiting for backend endpoint', now()),
    ('50000000-0000-4000-8000-000000000020', '30000000-0000-4000-8000-000000000007', '00000000-0000-4000-8000-000000000001', 'task created', NULL, 'Fix API validation bug', now()),
    ('50000000-0000-4000-8000-000000000021', '30000000-0000-4000-8000-000000000007', '00000000-0000-4000-8000-000000000001', 'task assigned', NULL, 'Tomasz Kowalski', now()),
    ('50000000-0000-4000-8000-000000000022', '30000000-0000-4000-8000-000000000007', '00000000-0000-4000-8000-000000000001', 'task moved to current column', NULL, 'Blocked', now()),
    ('50000000-0000-4000-8000-000000000023', '30000000-0000-4000-8000-000000000007', '00000000-0000-4000-8000-000000000006', 'task blocked', NULL, 'Blocked: validation contract unclear', now()),
    ('50000000-0000-4000-8000-000000000024', '30000000-0000-4000-8000-000000000008', '00000000-0000-4000-8000-000000000001', 'task created', NULL, 'Review responsive board', now()),
    ('50000000-0000-4000-8000-000000000025', '30000000-0000-4000-8000-000000000008', '00000000-0000-4000-8000-000000000001', 'task assigned', NULL, 'Marta Nowak', now()),
    ('50000000-0000-4000-8000-000000000026', '30000000-0000-4000-8000-000000000008', '00000000-0000-4000-8000-000000000001', 'task moved to current column', NULL, 'Review', now()),
    ('50000000-0000-4000-8000-000000000027', '30000000-0000-4000-8000-000000000009', '00000000-0000-4000-8000-000000000001', 'task created', NULL, 'Project setup', now()),
    ('50000000-0000-4000-8000-000000000028', '30000000-0000-4000-8000-000000000009', '00000000-0000-4000-8000-000000000001', 'task assigned', NULL, 'Roman Kroliak', now()),
    ('50000000-0000-4000-8000-000000000029', '30000000-0000-4000-8000-000000000009', '00000000-0000-4000-8000-000000000001', 'task moved to current column', NULL, 'Done', now()),
    ('50000000-0000-4000-8000-000000000030', '30000000-0000-4000-8000-000000000010', '00000000-0000-4000-8000-000000000001', 'task created', NULL, 'Design tokens', now()),
    ('50000000-0000-4000-8000-000000000031', '30000000-0000-4000-8000-000000000010', '00000000-0000-4000-8000-000000000001', 'task assigned', NULL, 'Anna Zielinska', now()),
    ('50000000-0000-4000-8000-000000000032', '30000000-0000-4000-8000-000000000010', '00000000-0000-4000-8000-000000000001', 'task moved to current column', NULL, 'Done', now()),
    ('50000000-0000-4000-8000-000000000033', '30000000-0000-4000-8000-000000000011', '00000000-0000-4000-8000-000000000001', 'task created', NULL, 'Sidebar layout', now()),
    ('50000000-0000-4000-8000-000000000034', '30000000-0000-4000-8000-000000000011', '00000000-0000-4000-8000-000000000001', 'task assigned', NULL, 'Roman Kroliak', now()),
    ('50000000-0000-4000-8000-000000000035', '30000000-0000-4000-8000-000000000011', '00000000-0000-4000-8000-000000000001', 'task moved to current column', NULL, 'Done', now())
ON CONFLICT (id) DO UPDATE
SET task_id = EXCLUDED.task_id,
    user_id = EXCLUDED.user_id,
    action = EXCLUDED.action,
    old_value = EXCLUDED.old_value,
    new_value = EXCLUDED.new_value;

COMMIT;
